<?xml version="1.0" encoding="UTF-8"?>
<beans xmlns="http://www.springframework.org/schema/beans"
	xmlns:xsi="http://www.w3.org/2001/XMLSchema-instance"
	xsi:schemaLocation="
        http://www.springframework.org/schema/beans http://www.springframework.org/schema/beans/spring-beans.xsd">

	<bean id="emp1" class="com.cognizant.springlearn.model.Employee"
		scope="prototype">
		<property name="empId" value="101" />
		<property name="employeeName" value="Silpa" />
		<property name="salary" value="30000" />
		<property name="department" ref="dept1"></property>
	</bean>
	<bean id="emp2" class="com.cognizant.springlearn.model.Employee"
		scope="prototype">
		<property name="empId" value="102" />
		<property name="employeeName" value="Prathyu" />
		<property name="salary" value="32000" />
		<property name="department" ref="dept2"></property>

	</bean>

	<bean id="emp3" class="com.cognizant.springlearn.model.Employee"
		scope="prototype">
		<property name="empId" value="103" />
		<property name="employeeName" value="Chandu" />
		<property name="salary" value="33000" />
		<property name="department" ref="dept3"></property>

	</bean>
	<bean id="emp4" class="com.cognizant.springlearn.model.Employee"
		scope="prototype">
		<property name="empId" value="104" />
		<property name="employeeName" value="Pavi" />
		<property name="salary" value="34000" />
		<property name="department" ref="dept3"></property>

	</bean>

	
	<bean id="dept1" class="com.cognizant.springlearn.model.Department"
		scope="prototype">
		<property name="departmentId" value="123"></property>
		<property name="departmentName" value="Sales"></property>

	</bean>
	<bean id="dept2" class="com.cognizant.springlearn.model.Department"
		scope="prototype">
		<property name="departmentId" value="456"></property>
		<property name="departmentName" value="HR"></property>

	</bean>
	<bean id="dept3" class="com.cognizant.springlearn.model.Department"
		scope="prototype">
		<property name="departmentId" value="789"></property>
		<property name="departmentName" value="Manager"></property>

	</bean>

	<bean id="empList" class="java.util.ArrayList">

		<constructor-arg>
			<list>
				<ref bean="emp1" />
				<ref bean="emp2" />
				<ref bean="emp3" />
				
			</list>
		</constructor-arg>
	</bean>
	<bean id="deptList" class="java.util.ArrayList">
		<constructor-arg>
			<list>
				<ref bean="dept1" />
				<ref bean="dept2" />
				<ref bean="dept3" />
			</list>

		</constructor-arg>
	</bean>

</beans>